Time,Currency,Contract,Type,Direction,Quantity,Position,Filled Price,Funding,Fee Paid,Cash Flow,Change,Wallet Balance,Fee Rate,Trade ID,Order ID
2025-05-01 08:00:00,USDT,,TRANSFER_IN,--,0,0,--,0,0,2000.00000000,2000.00000000,2000.00000000,--,,
2025-05-01 09:00:00,BTC,BTCUSDT,TRADE,BUY,0.01,0,--,0,0.00001000,0.01000000,0.00999000,0.00999000,--,trd-0001,ord-0001
2025-05-01 09:00:00,USDT,BTCUSDT,TRADE,BUY,0.01,0,--,0,0,-950.00000000,-950.00000000,1050.00000000,--,trd-0001,ord-0001
2025-05-01 10:00:00,ETH,ETHUSDT,TRADE,SELL,0.1,0,--,0,0,-0.10000000,-0.10000000,-0.10000000,--,trd-0002,ord-0002
2025-05-01 10:00:00,USDT,ETHUSDT,TRADE,SELL,0.1,0,--,0,0.33,330.00000000,329.67000000,1379.67000000,--,trd-0002,ord-0002
2025-05-01 11:00:00,USDC,,CURRENCY_BUY,--,0,0,--,0,0,100.00000000,100.00000000,100.00000000,--,,cvt-0003
2025-05-01 11:00:00,USDT,,CURRENCY_SELL,--,0,0,--,0,0,-100.00000000,-100.00000000,1279.67000000,--,,cvt-0003
2025-05-01 12:00:00,USDC,,DELIVERY,--,0,0,--,0,0,-2.5,-2.50000000,97.50000000,--,,
2025-05-01 13:00:00,USDT,,LIQUIDATION,--,0,0,--,0,0,-10,-10.00000000,1269.67000000,--,,
2025-05-01 14:00:00,USDT,,ADL,--,0,0,--,0,0,1.2,1.20000000,1270.87000000,--,,
2025-05-01 15:00:00,USDT,,FORWARD_SPLIT_SETTLE,--,0,0,--,0,0,0.1,0.10000000,1270.97000000,--,,
2025-05-01 16:00:00,USDT,,REVERSE_SPLIT_SETTLE,--,0,0,--,0,0,-0.1,-0.10000000,1270.87000000,--,,
2025-05-01 17:00:00,USDT,,SETTLEMENT,--,0,0,--,0,0,-0.35,-0.35000000,1270.52000000,--,,
2025-05-01 18:00:00,USDT,,funding,--,0,0,--,0,0,0.12,0.12000000,1270.64000000,--,,
2025-05-01 19:00:00,USDT,,FEE_REFUND,--,0,0,--,0,0,0.05,0.05000000,1270.69000000,--,,
2025-05-01 20:00:00,USDT,,INTEREST,--,0,0,--,0,0,-0.02,-0.02000000,1270.67000000,--,,
2025-05-01 21:00:00,USDT,,CUSTODY_NETWORK_FEE,--,0,0,--,0,0,-0.5,-0.50000000,1270.17000000,--,,
2025-05-01 22:00:00,USDT,,CUSTODY_SETTLE_FEE,--,0,0,--,0,0,-0.1,-0.10000000,1270.07000000,--,,
2025-05-01 23:00:00,USDT,,deposit,--,0,0,--,0,0,50,50.00000000,1320.07000000,--,,
2025-05-02 00:00:00,USDT,,withdraw,--,0,0,--,0,0,-20,-20.00000000,1300.07000000,--,,
2025-05-02 01:00:00,USDT,,TRANSFER_OUT,--,0,0,--,0,0,-100,-100.00000000,1200.07000000,--,,
2025-05-02 02:00:00,USDT,,transferIn,--,0,0,--,0,0,10,10.00000000,1210.07000000,--,,
2025-05-02 03:00:00,USDT,,transferOut,--,0,0,--,0,0,-10,-10.00000000,1200.07000000,--,,
2025-05-02 04:00:00,USDT,,BONUS_TRANSFER_IN,--,0,0,--,0,0,5,5.00000000,1205.07000000,--,,
2025-05-02 05:00:00,USDT,,BONUS_TRANSFER_OUT,--,0,0,--,0,0,-5,-5.00000000,1200.07000000,--,,
2025-05-02 06:00:00,USDT,,PEF_TRANSFER_IN,--,0,0,--,0,0,3,3.00000000,1203.07000000,--,,
2025-05-02 07:00:00,USDT,,PEF_TRANSFER_OUT,--,0,0,--,0,0,-3,-3.00000000,1200.07000000,--,,
2025-05-02 08:00:00,USDT,,BORROW,--,0,0,--,0,0,100,100.00000000,1300.07000000,--,,
2025-05-02 09:00:00,USDT,,REPAY,--,0,0,--,0,0,-100,-100.00000000,1200.07000000,--,,
2025-05-02 10:00:00,USDT,,FLOATING_TO_FIXED_BORROW,--,0,0,--,0,0,10,10.00000000,1210.07000000,--,,
2025-05-02 11:00:00,USDT,,FLOATING_TO_FIXED_REPAY,--,0,0,--,0,0,-10,-10.00000000,1200.07000000,--,,
2025-05-02 12:00:00,USDT,,LOANS_BORROW_FUNDS,--,0,0,--,0,0,20,20.00000000,1220.07000000,--,,
2025-05-02 13:00:00,USDT,,LOANS_PLEDGE_ASSET,--,0,0,--,0,0,-20,-20.00000000,1200.07000000,--,,
2025-05-02 14:00:00,USDT,,PRINCIPAL_REPAYMENT_INS_LOAN,--,0,0,--,0,0,-1,-1.00000000,1199.07000000,--,,
2025-05-02 15:00:00,USDT,,INSTITUTION_LOAN_TRANSFER_OUT,--,0,0,--,0,0,-1,-1.00000000,1198.07000000,--,,
2025-05-02 16:00:00,USDT,,INSTITUTION_LOAN_WITHOUT_WITHDRAW,--,0,0,--,0,0,-1,-1.00000000,1197.07000000,--,,
2025-05-02 17:00:00,USDT,,CUSTODY_LOCK,--,0,0,--,0,0,-50,-50.00000000,1147.07000000,--,,
2025-05-02 18:00:00,USDT,,CUSTODY_UNLOCK,--,0,0,--,0,0,50,50.00000000,1197.07000000,--,,
2025-05-02 19:00:00,USDT,,CUSTODY_UNLOCK_REFUND,--,0,0,--,0,0,1,1.00000000,1198.07000000,--,,
2025-05-02 20:00:00,USDT,,FLEXIBLE_STAKING_SUBSCRIPTION,--,0,0,--,0,0,-200,-200.00000000,998.07000000,--,,
2025-05-02 21:00:00,USDT,,FLEXIBLE_STAKING_REDEMPTION,--,0,0,--,0,0,100,100.00000000,1098.07000000,--,,
2025-05-02 22:00:00,USDT,,FIXED_STAKING_SUBSCRIPTION,--,0,0,--,0,0,-50,-50.00000000,1048.07000000,--,,
2025-05-02 23:00:00,USDT,,FLEXIBLE_STAKING_REFUND,--,0,0,--,0,0,1,1.00000000,1049.07000000,--,,
2025-05-03 00:00:00,USDT,,FIXED_STAKING_REFUND,--,0,0,--,0,0,1,1.00000000,1050.07000000,--,,
2025-05-03 01:00:00,USDT,,FIXED_SAVING_PRINCIPAL_REDEMPTION,--,0,0,--,0,0,10,10.00000000,1060.07000000,--,,
2025-05-03 02:00:00,USDT,,ONCHAINEARN_SUBSCRIPTION,--,0,0,--,0,0,-10,-10.00000000,1050.07000000,--,,
2025-05-03 03:00:00,USDT,,ONCHAINEARN_REDEMPTION,--,0,0,--,0,0,10,10.00000000,1060.07000000,--,,
2025-05-03 04:00:00,USDT,,ONCHAINEARN_REFUND,--,0,0,--,0,0,1,1.00000000,1061.07000000,--,,
2025-05-03 05:00:00,USDT,,STRUCTURE_PRODUCT_SUBSCRIPTION,--,0,0,--,0,0,-5,-5.00000000,1056.07000000,--,,
2025-05-03 06:00:00,USDT,,STRUCTURE_PRODUCT_REFUND,--,0,0,--,0,0,5,5.00000000,1061.07000000,--,,
2025-05-03 07:00:00,USDT,,CLASSIC_WEALTH_MANAGEMENT_SUBSCRIPTION,--,0,0,--,0,0,-5,-5.00000000,1056.07000000,--,,
2025-05-03 08:00:00,USDT,,PREMIMUM_WEALTH_MANAGEMENT_SUBSCRIPTION,--,0,0,--,0,0,-5,-5.00000000,1051.07000000,--,,
2025-05-03 09:00:00,USDT,,PREMIMUM_WEALTH_MANAGEMENT_REFUND,--,0,0,--,0,0,5,5.00000000,1056.07000000,--,,
2025-05-03 10:00:00,USDT,,LIQUIDITY_MINING_SUBSCRIPTION,--,0,0,--,0,0,-5,-5.00000000,1051.07000000,--,,
2025-05-03 11:00:00,USDT,,LIQUIDITY_MINING_REFUND,--,0,0,--,0,0,5,5.00000000,1056.07000000,--,,
2025-05-03 12:00:00,USDT,,PWM_SUBSCRIPTION,--,0,0,--,0,0,-5,-5.00000000,1051.07000000,--,,
2025-05-03 13:00:00,USDT,,PWM_REFUND,--,0,0,--,0,0,5,5.00000000,1056.07000000,--,,
2025-05-03 14:00:00,USDT,,BYUSDT_MINT,--,0,0,--,0,0,-10,-10.00000000,1046.07000000,--,,
2025-05-03 15:00:00,BYUSDT,,BYUSDT_REDEMPTION,--,0,0,--,0,0,-10,-10.00000000,-10.00000000,--,,
2025-05-03 16:00:00,BYUSDT,,BYUSDT_INTEREST,--,0,0,--,0,0,0.01,0.01000000,-9.99000000,--,,
2025-05-03 17:00:00,USDT,,DIVIDEND_SETTLEMENT,--,0,0,--,0,0,0.2,0.20000000,1046.27000000,--,,
2025-05-03 18:00:00,MNT,,AIRDROP,--,0,0,--,0,0,15,15.00000000,15.00000000,--,,
2025-05-03 19:00:00,USDT,,BONUS,--,0,0,--,0,0,10,10.00000000,1056.27000000,--,,
2025-05-03 20:00:00,USDT,,exchangeIn,--,0,0,--,0,0,5,5.00000000,1061.27000000,--,,cvt-0004
2025-05-03 20:00:00,BTC,,exchangeOut,--,0,0,--,0,0,-0.00005,-0.00005000,0.00994000,--,,cvt-0004
2025-05-03 21:00:00,USDT,,CONVERT,--,0,0,--,0,0,1,1.00000000,1062.27000000,--,,cvt-0005
2025-05-03 21:00:00,USDC,,CONVERT,--,0,0,--,0,0,-1,-1.00000000,96.50000000,--,,cvt-0005
2025-05-03 22:00:00,USDT,,SPOT_REPAYMENT_BUY,--,0,0,--,0,0,1,1.00000000,1063.27000000,--,,rep-0006
2025-05-03 22:00:00,USDC,,SPOT_REPAYMENT_SELL,--,0,0,--,0,0,-1,-1.00000000,95.50000000,--,,rep-0006
2025-05-03 23:00:00,USDT,,EARNING_REDEMPTION_BUY,--,0,0,--,0,0,1,1.00000000,1064.27000000,--,,ern-0007
2025-05-03 23:00:00,USDC,,EARNING_REDEMPTION_SELL,--,0,0,--,0,0,-1,-1.00000000,94.50000000,--,,ern-0007
