Timestamp (UTC),Transaction Description,Currency,Amount,To Currency,To Amount,Native Currency,Native Amount,Native Amount (in USD),Transaction Kind,Transaction Hash
2025-07-01 06:00:00,EUR -> BTC,EUR,-500.00,BTC,0.0055,CHF,470.00,540.00,viban_purchase,
2025-07-01 07:00:00,EUR -> ETH,EUR,-100.00,ETH,0.031,CHF,94.00,108.00,van_purchase,
2025-07-01 08:00:00,BTC -> EUR,BTC,-0.001,EUR,92.40,CHF,86.90,99.80,crypto_viban_exchange,
2025-07-01 09:00:00,ETH -> CRO,ETH,-0.01,CRO,360.25,CHF,31.00,35.70,crypto_exchange,
2025-07-01 10:00:00,BTC -> EUR,BTC,-0.0005,EUR,46.10,CHF,43.40,49.90,crypto_to_van_sell_order,
2025-07-01 11:00:00,Buy BTC,BTC,0.00104,,,CHF,94.00,108.00,crypto_purchase,
2025-07-01 12:00:00,Recurring Buy BTC,BTC,0.0002,,,CHF,18.00,21.00,recurring_buy_order,
2025-07-01 13:00:00,Convert dust,SHIB,-12000,,,CHF,-0.20,-0.23,dust_conversion_debited,
2025-07-01 14:00:00,Convert dust,CRO,2.31,,,CHF,0.20,0.23,dust_conversion_credited,
2025-07-01 15:00:00,Buy SOL,SOL,0.2,,,CHF,27.00,31.00,trading.crypto_purchase.google_pay,
2025-07-01 16:00:00,Buy ADA,ADA,50,,,CHF,17.00,19.50,trading.crypto_purchase.apple_pay,
2025-07-01 17:00:00,Limit sell BTC,BTC,-0.0002,EUR,18.40,CHF,17.30,19.90,trading.limit_order.fiat_wallet.sell_commit,
2025-07-01 18:00:00,Limit buy BTC,EUR,-18.00,BTC,0.0002,CHF,17.00,19.50,trading.limit_order.fiat_wallet.purchase_commit,
2025-07-01 19:00:00,Limit buy ETH,USD,-30.00,ETH,0.0093,CHF,26.20,30.00,trading.limit_order.cash_account.purchase_commit,
2025-07-01 20:00:00,Limit sell ETH,ETH,-0.0093,USD,31.00,CHF,27.10,31.00,trading.limit_order.cash_account.sell_commit,
2025-07-01 21:00:00,Limit order exchange,ETH,-0.02,CRO,720.40,CHF,62.00,71.40,trading.limit_order.crypto_wallet.exchange,
2025-07-01 22:00:00,Limit order lock,ETH,-0.02,,,CHF,-62.00,-71.40,trading.limit_order.crypto_wallet.fund_lock,
2025-07-01 23:00:00,Limit order unlock,ETH,0.02,,,CHF,62.00,71.40,trading.limit_order.crypto_wallet.fund_unlock,
2025-07-02 00:00:00,Deposit BTC,BTC,0.01,,,CHF,940.00,1080.00,crypto_deposit,0xexamplehash000000000000000000000000000000000000000000000000000001
2025-07-02 01:00:00,Transfer from Exchange,CRO,1000,,,CHF,86.00,99.00,exchange_to_crypto_transfer,
2025-07-02 02:00:00,Pay refund,USDC,10,,,CHF,8.90,10.00,crypto_payment_refund,
2025-07-02 03:00:00,EUR deposit,EUR,200.00,,,CHF,188.00,216.00,viban_deposit,
2025-07-02 04:00:00,Withdraw ETH,ETH,-0.05,,,CHF,-155.00,-178.00,crypto_withdrawal,0xexamplehash000000000000000000000000000000000000000000000000000002
2025-07-02 05:00:00,Transfer to Exchange,CRO,-200,,,CHF,-17.20,-19.80,crypto_to_exchange_transfer,
2025-07-02 06:00:00,Crypto Pay,USDC,-15,,,CHF,-13.35,-15.00,crypto_payment,
2025-07-02 07:00:00,Card top-up,CRO,-500,,,CHF,-43.00,-49.50,card_top_up,
2025-07-02 08:00:00,Card top-up EUR,EUR,-50.00,,,CHF,-47.00,-54.00,viban_card_top_up,
2025-07-02 09:00:00,EUR withdrawal,EUR,-100.00,,,CHF,-94.00,-108.00,viban_withdrawal,
2025-07-02 10:00:00,Crypto Earn deposit,USDC,-1000,,,CHF,-890.00,-1000.00,crypto_earn_program_created,
2025-07-02 11:00:00,Crypto Earn withdrawal,USDC,400,,,CHF,356.00,400.00,crypto_earn_program_withdrawn,
2025-07-02 12:00:00,CRO Stake,CRO,-5000,,,CHF,-430.00,-495.00,lockup_lock,
2025-07-02 13:00:00,CRO Unstake,CRO,2500,,,CHF,215.00,247.50,lockup_unlock,
2025-07-02 14:00:00,CRO Stake upgrade,CRO,-500,,,CHF,-43.00,-49.50,lockup_upgrade,
2025-07-02 15:00:00,Lock for staking,SOL,-2,,,CHF,-270.00,-310.00,finance.lockup.dpos_lock.crypto_wallet,
2025-07-02 16:00:00,Stake SOL,SOL,-1,,,CHF,-135.00,-155.00,finance.dpos.staking.crypto_wallet,
2025-07-02 17:00:00,Unstake SOL,SOL,1,,,CHF,135.00,155.00,finance.dpos.unstaking.crypto_wallet,
2025-07-02 18:00:00,Supercharger deposit,CRO,-300,,,CHF,-25.80,-29.70,supercharger_deposit,
2025-07-02 19:00:00,Supercharger withdrawal,CRO,300,,,CHF,25.80,29.70,supercharger_withdrawal,
2025-07-02 20:00:00,Council node deposit,CRO,-100,,,CHF,-8.60,-9.90,council_node_deposit_created,
2025-07-02 21:00:00,CRO swap,MCO,-10,,,CHF,-50.00,-57.00,lockup_swap_debited,
2025-07-02 22:00:00,CRO swap,CRO,275.5,,,CHF,50.00,57.00,lockup_swap_credited,
2025-07-02 23:00:00,Coin swap,LUNA,-3,,,CHF,-1.00,-1.15,dynamic_coin_swap_debited,
2025-07-03 00:00:00,Coin swap,LUNA2,1.5,,,CHF,1.00,1.15,dynamic_coin_swap_credited,
2025-07-03 01:00:00,Coin swap bonus,LUNA2,0.1,,,CHF,0.07,0.08,dynamic_coin_swap_bonus_exchange_deposit,
2025-07-03 02:00:00,Interest swap,CRO,-1,,,CHF,-0.09,-0.10,interest_swap_debited,
2025-07-03 03:00:00,Interest swap,CRO,1,,,CHF,0.09,0.10,interest_swap_credited,
2025-07-03 04:00:00,Wallet swap,MATIC,-10,,,CHF,-4.50,-5.20,crypto_wallet_swap_debited,
2025-07-03 05:00:00,Wallet swap,POL,10,,,CHF,4.50,5.20,crypto_wallet_swap_credited,
2025-07-03 06:00:00,EUR pre-credit,EUR,50.00,,,CHF,47.00,54.00,viban_deposit_precredit,
2025-07-03 07:00:00,EUR pre-credit repayment,EUR,-50.00,,,CHF,-47.00,-54.00,viban_deposit_precredit_repayment,
2025-07-03 08:00:00,Crypto Earn,USDC,1.2345,,,CHF,1.10,1.23,crypto_earn_interest_paid,
2025-07-03 09:00:00,Crypto Earn extra,CRO,0.85,,,CHF,0.07,0.08,crypto_earn_extra_interest_paid,
2025-07-03 10:00:00,Loyalty extra,CRO,0.5,,,CHF,0.04,0.05,finance.crypto_earn.loyalty_program_extra_interest_paid.crypto_wallet,
2025-07-03 11:00:00,CRO Stake Rewards,CRO,3.2,,,CHF,0.28,0.32,mco_stake_reward,
2025-07-03 12:00:00,Staking reward,ATOM,0.03,,,CHF,0.21,0.24,staking_reward,
2025-07-03 13:00:00,Staking rewards,SOL,0.004,,,CHF,0.54,0.62,finance.dpos.compound_interest.crypto_wallet,
2025-07-03 14:00:00,Staking rewards,SOL,0.002,,,CHF,0.27,0.31,finance.dpos.non_compound_interest.crypto_wallet,
2025-07-03 15:00:00,Staking rewards,CRO,1.7,,,CHF,0.15,0.17,finance.lockup.dpos_compound_interest.crypto_wallet,
2025-07-03 16:00:00,Supercharger reward,XYZ,12,,,CHF,0.60,0.69,supercharger_reward_to_app_credited,
2025-07-03 17:00:00,Referral bonus,CRO,250,,,CHF,21.50,24.75,referral_bonus,
2025-07-03 18:00:00,Referral gift,CRO,25,,,CHF,2.15,2.48,referral_gift,
2025-07-03 19:00:00,Card cashback,CRO,1.9,,,CHF,0.16,0.19,referral_card_cashback,
2025-07-03 20:00:00,Card cashback reversal,CRO,-0.4,,,CHF,-0.03,-0.04,card_cashback_reverted,
2025-07-03 21:00:00,Transfer cashback,CRO,0.6,,,CHF,0.05,0.06,transfer_cashback,
2025-07-03 22:00:00,Card rebate,CRO,9.99,,,CHF,0.86,0.99,reimbursement,
2025-07-03 23:00:00,Card rebate reversal,CRO,-9.99,,,CHF,-0.86,-0.99,reimbursement_reverted,
2025-07-04 00:00:00,Gift card reward,CRO,5,,,CHF,0.43,0.50,gift_card_reward,
2025-07-04 01:00:00,Adjustment,USDC,0.5,,,CHF,0.45,0.50,admin_wallet_credited,
2025-07-04 02:00:00,Campaign reward,CRO,10,,,CHF,0.86,0.99,campaign_reward,
2025-07-04 03:00:00,Rewards platform,CRO,2,,,CHF,0.17,0.20,rewards_platform_deposit_credited,
2025-07-04 04:00:00,BTC Deposit,BTC,0.0001,,,CHF,9.40,10.80,,
2025-07-04 05:00:00,ETH Withdrawal,ETH,-0.001,,,CHF,-3.10,-3.56,,
