txid,refid,time,type,subtype,aclass,subclass,asset,wallet,amount,fee,balance,amountusd,feeusd,balanceusd,feecurrency
,QPENDNG-AAAAA-BBBBBB,2025-03-01 05:00:00.0000,deposit,,currency,fiat,ZEUR,spot / main,1000.0000,0.0000,,,,,
LX1001-ABCDE-FGHIJK,QDEP001-AAAAA-BBBBBB,2025-03-01 07:00:00.4521,deposit,,currency,crypto,ZEUR,spot / main,1000.0000,0,1000.0000000000,1085.00,0.0000,,
LX1002-ABCDE-FGHIJK,TTRADE1-AAAAA-BBBBBB,2025-03-01 08:00:00.4521,trade,tradespot,currency,crypto,XXBT,spot / main,0.0100000000,0,0.0100000000,850.00,0.0000,,
LX1003-ABCDE-FGHIJK,TTRADE1-AAAAA-BBBBBB,2025-03-01 08:00:00.4521,trade,tradespot,currency,crypto,ZEUR,spot / main,-780.0000,2.0280,217.9720000000,-846.30,0.0000,,
LX1004-ABCDE-FGHIJK,TSPEND1-AAAAA-BBBBBB,2025-03-01 09:00:00.4521,spend,,currency,crypto,ZEUR,spot / main,-100.0000,1.4900,116.4820000000,-108.50,0.0000,,
LX1005-ABCDE-FGHIJK,TSPEND1-AAAAA-BBBBBB,2025-03-01 09:00:00.4521,receive,,currency,crypto,SOL,spot / main,0.6500000000,0,0.6500000000,107.00,0.0000,,
LX1006-ABCDE-FGHIJK,TSALE01-AAAAA-BBBBBB,2025-03-01 10:00:00.4521,sale,,currency,crypto,SOL,spot / main,-0.1000000000,0,0.5500000000,-16.00,0.0000,,
LX1007-ABCDE-FGHIJK,TSALE01-AAAAA-BBBBBB,2025-03-01 10:00:00.4521,receive,,currency,crypto,ZEUR,spot / main,14.7500,0,131.2320000000,16.00,0.0000,,
LX1008-ABCDE-FGHIJK,TSETL01-AAAAA-BBBBBB,2025-03-01 11:00:00.4521,settled,,currency,crypto,XXBT,spot / main,-0.0010000000,0,0.0090000000,-85.00,0.0000,,
LX1009-ABCDE-FGHIJK,TSETL01-AAAAA-BBBBBB,2025-03-01 11:00:00.4521,settled,,currency,crypto,ZEUR,spot / main,78.0000,0,209.2320000000,85.00,0.0000,,
LX1010-ABCDE-FGHIJK,TADJ001-AAAAA-BBBBBB,2025-03-01 12:00:00.4521,adjustment,,currency,crypto,LUNA,spot / main,-5.0000000000,0,-5.0000000000,,,,
LX1011-ABCDE-FGHIJK,TADJ001-AAAAA-BBBBBB,2025-03-01 12:00:00.4521,adjustment,,currency,crypto,LUNA2,spot / main,1.2500000000,0,1.2500000000,,,,
LX1012-ABCDE-FGHIJK,QWDR001-AAAAA-BBBBBB,2025-03-01 13:00:00.4521,withdrawal,,currency,crypto,XXBT,spot / main,-0.0020000000,0.0000150000,0.0069850000,-170.00,0.0000,,
LX1013-ABCDE-FGHIJK,QSTK001-AAAAA-BBBBBB,2025-03-01 14:00:00.4521,transfer,spottostaking,currency,crypto,DOT,spot / main,-20.0000000000,0,-20.0000000000,,,,
LX1014-ABCDE-FGHIJK,QSTK001-AAAAA-BBBBBB,2025-03-01 15:00:00.4521,transfer,stakingfromspot,currency,crypto,DOT28.S,earn / bonded,20.0000000000,0,20.0000000000,,,,
LX1015-ABCDE-FGHIJK,QSTK002-AAAAA-BBBBBB,2025-03-01 16:00:00.4521,transfer,stakingtospot,currency,crypto,DOT28.S,earn / bonded,-5.0000000000,0,15.0000000000,,,,
LX1016-ABCDE-FGHIJK,QSTK002-AAAAA-BBBBBB,2025-03-01 17:00:00.4521,transfer,spotfromstaking,currency,crypto,DOT,spot / main,5.0000000000,0,-15.0000000000,,,,
LX1017-ABCDE-FGHIJK,QFUT001-AAAAA-BBBBBB,2025-03-01 18:00:00.4521,transfer,spottofutures,currency,crypto,USDT,spot / main,-10.00000000,0,-10.0000000000,,,,
LX1018-ABCDE-FGHIJK,QFUT002-AAAAA-BBBBBB,2025-03-01 19:00:00.4521,transfer,spotfromfutures,currency,crypto,USDT,spot / main,4.00000000,0,-6.0000000000,,,,
LX1019-ABCDE-FGHIJK,QSTKR01-AAAAA-BBBBBB,2025-03-01 20:00:00.4521,staking,,currency,crypto,DOT28.S,earn / bonded,0.0421000000,0,15.0421000000,0.29,0.0000,,
LX1020-ABCDE-FGHIJK,QERN001-AAAAA-BBBBBB,2025-03-01 21:00:00.4521,earn,allocation,currency,crypto,ETH,spot / main,-1.0000000000,0,-1.0000000000,,,,
LX1021-ABCDE-FGHIJK,QERN001-AAAAA-BBBBBB,2025-03-01 22:00:00.4521,earn,allocation,currency,crypto,ETH2.S,earn / locked,1.0000000000,0,1.0000000000,,,,
LX1022-ABCDE-FGHIJK,QERN002-AAAAA-BBBBBB,2025-03-01 23:00:00.4521,earn,autoallocation,currency,crypto,USDC.M,earn / flexible,50.00000000,0,50.0000000000,,,,
LX1023-ABCDE-FGHIJK,QERN003-AAAAA-BBBBBB,2025-03-02 00:00:00.4521,earn,autoallocate,currency,crypto,USDC,spot / main,-50.00000000,0,-50.0000000000,,,,
LX1024-ABCDE-FGHIJK,QERN004-AAAAA-BBBBBB,2025-03-02 01:00:00.4521,earn,deallocation,currency,crypto,ETH2.S,earn / locked,-0.2000000000,0,0.8000000000,,,,
LX1025-ABCDE-FGHIJK,QERN005-AAAAA-BBBBBB,2025-03-02 02:00:00.4521,earn,migration,currency,crypto,XBT.M,earn / flexible,0.0010000000,0,0.0010000000,,,,
LX1026-ABCDE-FGHIJK,QERN006-AAAAA-BBBBBB,2025-03-02 03:00:00.4521,earn,reward,currency,crypto,ETH2.S,earn / locked,0.0012000000,0.0001800000,0.8010200000,3.70,0.0000,,
LX1027-ABCDE-FGHIJK,QERN007-AAAAA-BBBBBB,2025-03-02 04:00:00.4521,earn,airdrop,currency,crypto,FLR,spot / main,12.0000000000,0,12.0000000000,0.25,0.0000,,
LX1028-ABCDE-FGHIJK,QDLC001-AAAAA-BBBBBB,2025-03-02 05:00:00.4521,earn,delistingconversion,currency,crypto,USDC.M,earn / flexible,-2.00000000,0,48.0000000000,,,,
LX1029-ABCDE-FGHIJK,QTRF001-AAAAA-BBBBBB,2025-03-02 06:00:00.4521,transfer,airdrop,currency,crypto,ETHW,spot / main,1.0000000000,0,1.0000000000,,,,
LX1030-ABCDE-FGHIJK,QDLC001-AAAAA-BBBBBB,2025-03-02 07:00:00.4521,transfer,delistingconversion,currency,crypto,USDT,spot / main,1.50000000,0,-4.5000000000,,,,
LX1031-ABCDE-FGHIJK,QCST001-AAAAA-BBBBBB,2025-03-02 08:00:00.4521,custodytransfer,,currency,crypto,XXBT,spot / main,-0.0001000000,0,0.0068850000,,,,
LX1032-ABCDE-FGHIJK,QROL001-AAAAA-BBBBBB,2025-03-02 09:00:00.4521,rollover,,currency,crypto,ZEUR,spot / main,0.0000,0.0400,209.1920000000,,,,
LX1033-ABCDE-FGHIJK,QINV001-AAAAA-BBBBBB,2025-03-02 10:00:00.4521,invite bonus,,currency,crypto,ZEUR,spot / main,10.0000,0,219.1920000000,10.85,0.0000,,
LX1034-ABCDE-FGHIJK,QCRD001-AAAAA-BBBBBB,2025-03-02 11:00:00.4521,credit,,currency,crypto,ZUSD,spot / main,5.0000,0,5.0000000000,5.00,0.0000,,
LX1035-ABCDE-FGHIJK,QDIV001-AAAAA-BBBBBB,2025-03-02 12:00:00.4521,dividend,,currency,crypto,ZUSD,spot / main,0.3100,0,5.3100000000,0.31,0.0000,,
LX1036-ABCDE-FGHIJK,TTRADE2-AAAAA-BBBBBB,2025-03-02 13:00:00.4521,trade,tradespot,currency,crypto,SOL,spot / main,-0.2000000000,0,0.3500000000,-32.00,0.0000,,
LX1037-ABCDE-FGHIJK,TTRADE2-AAAAA-BBBBBB,2025-03-02 13:00:00.4521,trade,tradespot,currency,crypto,ZEUR,spot / main,29.4000,0.0800,248.5120000000,31.90,0.0000,,ZEUR
