UID,Account Type,Currency,Side,Amount,Fee,Time(UTC+08:00),Remark,Type
12345678,mainAccount,USDT,Deposit,2000,0,2025-06-01 11:00:00,Deposit,Deposit
12345678,mainAccount,BTC,Withdrawal,0.01,0.0005,2025-06-01 12:00:00,Withdrawal,Withdrawal
12345678,mainAccount,USDT,Withdrawal,500,0,2025-06-01 13:00:00,Funding Account to Trading Account,Transfer
12345678,tradeAccount,USDT,Deposit,500,0,2025-06-01 14:00:00,Funding Account to Trading Account,Transfer
12345678,mainAccount,ETH,Deposit,0.002,0,2025-06-01 15:00:00,ETH Staking rewards,Staking
12345678,mainAccount,USDT,Deposit,0.85,0,2025-06-01 16:00:00,Lending profits,Lending
12345678,mainAccount,USDT,Deposit,0.12,0,2025-06-01 17:00:00,Earn profits,Earn
12345678,mainAccount,KCS,Deposit,0.03,0,2025-06-01 18:00:00,KCS Bonus,KCS Bonus
12345678,mainAccount,ARB,Deposit,5,0,2025-06-01 19:00:00,Airdrop,Airdrop
12345678,mainAccount,USDT,Deposit,1,0,2025-06-01 20:00:00,Distribution,Distribution
12345678,mainAccount,USDT,Withdrawal,30,0,2025-06-01 21:00:00,Convert,Convert
12345678,mainAccount,BTC,Deposit,0.0003,0,2025-06-01 22:00:00,Convert,Convert
12345678,tradeAccount,KCS,Withdrawal,0.001,0,2025-06-01 23:00:00,KCS Pay Fees,Fee Deduction
