"txid","refid","time","type","subtype","aclass","subclass","asset","wallet","amount","fee","balance","amountusd","feeusd","balanceusd","feecurrency"
"","QDEP0001","2024-12-20 09:00:00","deposit","","currency","fiat","ZCHF","spot / main","1000.0000","0.0000","","","","",""
"LSYN01-AAAAA-000001","QDEP0001","2024-12-20 09:05:00","deposit","","currency","fiat","ZCHF","spot / main","1000.0000","0.0000","1000.0000","1100.00","0.00","1100.00","ZCHF"
"LSYN01-AAAAA-000002","TSYN0001","2025-01-03 10:00:00","trade","","currency","fiat","ZCHF","spot / main","-500.0000","1.3000","498.7000","-550.00","1.43","548.57","ZCHF"
"LSYN01-AAAAA-000003","TSYN0001","2025-01-03 10:00:00","trade","","currency","crypto","XXBT","spot / main","0.0050000000","0.0000000000","0.0050000000","550.00","0.00","550.00","XXBT"
"LSYN01-AAAAA-000004","SSYN0001","2025-02-01 00:10:00","staking","","currency","crypto","DOT.S","spot / main","0.1234567890","0.0000000000","0.1234567890","0.80","0.00","0.80","DOT.S"
"LSYN01-AAAAA-000005","ESYN0001","2025-03-01 01:00:00","earn","reward","currency","crypto","ETH","earn / flexible","0.000000000000000001","0","0.000000000000000001","0.00","0.00","0.00","ETH"
"LSYN01-AAAAA-000006","ESYN0002","2025-03-02 12:00:00","earn","allocation","currency","crypto","XXBT","spot / main","-0.0010000000","0.0000000000","0.0040000000","-90.00","0.00","360.00","XXBT"
"LSYN01-AAAAA-000007","ESYN0003","2025-04-01 00:00:00","earn","airdrop","currency","crypto","SOL","earn / flexible","0.5000000000","0.0000000000","0.5000000000","60.00","0.00","60.00","SOL"
"LSYN01-AAAAA-000008","TSYN0002","2025-05-05 15:30:00.1234","receive","","currency","crypto","XETH","spot / main","0.1000000000","0.6500","0.1000000000","300.00","0.70","300.00","ZCHF"
"LSYN01-AAAAA-000009","TSYN0002","2025-05-05 15:30:00.1234","spend","","currency","fiat","ZCHF","spot / main","-300.0000","0.0000","197.3500","-330.00","0.00","217.00","ZCHF"
"LSYN01-AAAAA-000010","WSYN0001","2025-06-10 08:00:00","withdrawal","","currency","crypto","XXBT","spot / main","-0.0020000000","0.0000500000","0.0019500000","-180.00","4.50","175.50","XXBT"
"LSYN01-AAAAA-000011","XSYN0001","2025-07-01 00:00:00","transfer","spottostaking","currency","crypto","DOT","spot / main","-1.0000000000","0.0000000000","0.0000000000","-5.00","0.00","0.00","DOT"
"LSYN01-AAAAA-000012","ZSYN0001","2025-08-01 00:00:00","adjustment","","currency","fiat","EUR.HOLD","spot / main","5.0000","0.0000","5.0000","5.40","0.00","5.40","EUR.HOLD"
"LSYN01-AAAAA-000013","SSYN0002","2025-09-01 00:00:00","staking","","currency","crypto","ETH2.S","earn / bonded","0.0100000000","0.0000000000","0.0100000000","30.00","0.00","30.00","ETH2.S"
